Activity,state_id,City,year,generator_category,generator_subcategory,material,material_subcategory,tons,percentage
Disposal,WA,Statewide,2015,all,,paper,,683753,
Disposal,WA,Statewide,2015,all,,paper,compostable_paper,233338,
Disposal,WA,Statewide,2015,all,,plastic,,466749,
Disposal,WA,Statewide,2015,all,,metal,,266781,
Disposal,WA,Statewide,2015,all,,glass,,103382,
Disposal,WA,Statewide,2015,all,,organic,,1306136,
Disposal,WA,Statewide,2015,all,,organic,food,779555,
Disposal,WA,Statewide,2015,all,,other materials,,1762736,
Disposal,WA,Statewide,2015,commercial,,paper,,338279,
Disposal,WA,Statewide,2015,commercial,,paper,compostable_paper,116717,
Disposal,WA,Statewide,2015,commercial,,plastic,,230241,
Disposal,WA,Statewide,2015,commercial,,metal,,153159,
Disposal,WA,Statewide,2015,commercial,,glass,,42052,
Disposal,WA,Statewide,2015,commercial,,organic,,533363,
Disposal,WA,Statewide,2015,commercial,,organic,food,374218,
Disposal,WA,Statewide,2015,commercial,,other materials,,710077,
Disposal,WA,Statewide,2015,residential,,paper,,290832,
Disposal,WA,Statewide,2015,residential,,paper,compostable_paper,105845,
Disposal,WA,Statewide,2015,residential,,plastic,,177725,
Disposal,WA,Statewide,2015,residential,,metal,,52826,
Disposal,WA,Statewide,2015,residential,,glass,,50087,
Disposal,WA,Statewide,2015,residential,,organic,,664379,
Disposal,WA,Statewide,2015,residential,,organic,food,369178,
Disposal,WA,Statewide,2015,residential,,other materials,,325961,
Disposal,WA,Statewide,2020,all,,paper,,879891,
Disposal,WA,Statewide,2020,all,,paper,compostable_paper,287541,
Disposal,WA,Statewide,2020,all,,plastic,,692798,
Disposal,WA,Statewide,2020,all,,metal,,396066,
Disposal,WA,Statewide,2020,all,,glass,,120539,
Disposal,WA,Statewide,2020,all,,organic,,1201924,
Disposal,WA,Statewide,2020,all,,organic,food,720927,
Disposal,WA,Statewide,2020,all,,construction and demolition,,,
Disposal,WA,Statewide,2020,all,,other materials,,1984296,
Disposal,WA,Statewide,2020,commercial,,paper,,336761,
Disposal,WA,Statewide,2020,commercial,,paper,compostable_paper,95317,
Disposal,WA,Statewide,2020,commercial,,plastic,,249724,
Disposal,WA,Statewide,2020,commercial,,metal,,99642,
Disposal,WA,Statewide,2020,commercial,,glass,,25311,
Disposal,WA,Statewide,2020,commercial,,organic,,257693,
Disposal,WA,Statewide,2020,commercial,,organic,food,206163,
Disposal,WA,Statewide,2020,commercial,,construction and demolition,,,
Disposal,WA,Statewide,2020,commercial,,other materials,,538064,
Disposal,WA,Statewide,2020,residential,,paper,,400887,
Disposal,WA,Statewide,2020,residential,,paper,compostable_paper,177388,
Disposal,WA,Statewide,2020,residential,,plastic,,319227,
Disposal,WA,Statewide,2020,residential,,metal,,149650,
Disposal,WA,Statewide,2020,residential,,glass,,77299,
Disposal,WA,Statewide,2020,residential,,organic,,778319,
Disposal,WA,Statewide,2020,residential,,organic,food,446436,
Disposal,WA,Statewide,2020,residential,,construction and demolition,,,
Disposal,WA,Statewide,2020,residential,,other materials,,627388,
Disposal,PA,Statewide,2003,all,,paper,,3117182,
Disposal,PA,Statewide,2003,all,,plastic,,1062336,
Disposal,PA,Statewide,2003,all,,metal,,508702,
Disposal,PA,Statewide,2003,all,,glass,,282316,
Disposal,PA,Statewide,2003,all,,organic,,3204208,
Disposal,PA,Statewide,2003,all,,organic,food,1127170,
Disposal,PA,Statewide,2003,all,,other materials,,1194338,
Disposal,PA,Statewide,2003,residential,,paper,,1574634,
Disposal,PA,Statewide,2003,residential,,plastic,,526896,
Disposal,PA,Statewide,2003,residential,,metal,,290009,
Disposal,PA,Statewide,2003,residential,,glass,,182216,
Disposal,PA,Statewide,2003,residential,,organic,,1863389,
Disposal,PA,Statewide,2003,residential,,organic,food,621205,
Disposal,PA,Statewide,2003,residential,,other materials,,644786,
Disposal,PA,Statewide,2003,commercial,,paper,,1535571,
Disposal,PA,Statewide,2003,commercial,,plastic,,532478,
Disposal,PA,Statewide,2003,commercial,,metal,,219539,
Disposal,PA,Statewide,2003,commercial,,glass,,101847,
Disposal,PA,Statewide,2003,commercial,,organic,,1348348,
Disposal,PA,Statewide,2003,commercial,,organic,food,506554,
Disposal,PA,Statewide,2003,commercial,,other materials,,549370,
Disposal,PA,Statewide,2022,all,,paper,,2420102,
Disposal,PA,Statewide,2022,all,,paper,compostable_paper,687153,
Disposal,PA,Statewide,2022,all,,plastic,,1774458,
Disposal,PA,Statewide,2022,all,,metal,,366255,
Disposal,PA,Statewide,2022,all,,glass,,234962,
Disposal,PA,Statewide,2022,all,,organic,,3742309,
Disposal,PA,Statewide,2022,all,,organic,food,1593109,
Disposal,PA,Statewide,2022,all,,other materials,,854617,
Disposal,PA,Statewide,2022,commercial,,paper,,1340910,
Disposal,PA,Statewide,2022,commercial,,paper,compostable_paper,304590,
Disposal,PA,Statewide,2022,commercial,,plastic,,1037052,
Disposal,PA,Statewide,2022,commercial,,metal,,169479,
Disposal,PA,Statewide,2022,commercial,,glass,,78610,
Disposal,PA,Statewide,2022,commercial,,organic,,1632448,
Disposal,PA,Statewide,2022,commercial,,organic,food,827555.17,
Disposal,PA,Statewide,2022,commercial,,other materials,,313629,
Disposal,PA,Statewide,2022,residential,,paper,,1079192,
Disposal,PA,Statewide,2022,residential,,paper,compostable_paper,382562,
Disposal,PA,Statewide,2022,residential,,plastic,,737405,
Disposal,PA,Statewide,2022,residential,,metal,,196775,
Disposal,PA,Statewide,2022,residential,,glass,,156352,
Disposal,PA,Statewide,2022,residential,,organic,,2109859,
Disposal,PA,Statewide,2022,residential,,organic,food,764239,
Disposal,PA,Statewide,2022,residential,,other materials,,540988,
Disposal,OR,Statewide,2005,all,,paper,,483496,
Disposal,OR,Statewide,2005,all,,plastic,,283238,
Disposal,OR,Statewide,2005,all,,metal,,228810,
Disposal,OR,Statewide,2005,all,,glass,,47624,
Disposal,OR,Statewide,2005,all,,organic,,1462054,
Disposal,OR,Statewide,2005,all,,organic,food,477419,
Disposal,OR,Statewide,2005,all,,organic,other_organics,741915,
Disposal,OR,Statewide,2005,all,,other materials,,363195,
Disposal,OR,Statewide,2009,all,,paper,,341780.93,
Disposal,OR,Statewide,2009,all,,plastic,,255237.14,
Disposal,OR,Statewide,2009,all,,metal,,178371.95,
Disposal,OR,Statewide,2009,all,,glass,,52151.85,
Disposal,OR,Statewide,2009,all,,organic,,1293712.95,
Disposal,OR,Statewide,2009,all,,organic,food,457382.03,
Disposal,OR,Statewide,2009,all,,organic,other_organics,593179.12,
Disposal,OR,Statewide,2009,all,,other materials,,302221.59,
Disposal,OR,Statewide,2016,all,,paper,,335226.36,
Disposal,OR,Statewide,2016,all,,plastic,,271397.67,
Disposal,OR,Statewide,2016,all,,metal,,151625.99,
Disposal,OR,Statewide,2016,all,,glass,,71400.66,
Disposal,OR,Statewide,2016,all,,organic,,1527508.58,
Disposal,OR,Statewide,2016,all,,organic,food,479260.79,
Disposal,OR,Statewide,2016,all,,organic,other_organics,772394.23,
Disposal,OR,Statewide,2016,all,,other materials,,437065.02,
Disposal,OH,Statewide,2019,residential,,paper,,104048,
Disposal,OH,Statewide,2019,residential,,paper,compostable_paper,34711,
Disposal,OH,Statewide,2019,residential,,plastic,,70396,
Disposal,OH,Statewide,2019,residential,,metal,,17132,
Disposal,OH,Statewide,2019,residential,,glass,,14719,
Disposal,OH,Statewide,2019,residential,,organic,,114377,
Disposal,OH,Statewide,2019,residential,,organic,food,66030,
Disposal,OH,Statewide,2019,residential,,other materials,,137228,
Disposal,OH,Statewide,2019,commercial,,paper,,220691,
Disposal,OH,Statewide,2019,commercial,,paper,compostable_paper,53746,
Disposal,OH,Statewide,2019,commercial,,plastic,,120461,
Disposal,OH,Statewide,2019,commercial,,metal,,22416,
Disposal,OH,Statewide,2019,commercial,,glass,,19183,
Disposal,OH,Statewide,2019,commercial,,organic,,126637,
Disposal,OH,Statewide,2019,commercial,,organic,food,102768,
Disposal,OH,Statewide,2019,commercial,,other materials,,181990,
Disposal,OH,Statewide,2019,all,,paper,,324740,
Disposal,OH,Statewide,2019,all,,paper,compostable_paper,88457,
Disposal,OH,Statewide,2019,all,,plastic,,190857,
Disposal,OH,Statewide,2019,all,,metal,,39548,
Disposal,OH,Statewide,2019,all,,glass,,33902,
Disposal,OH,Statewide,2019,all,,organic,,241014,
Disposal,OH,Statewide,2019,all,,organic,food,168798,
Disposal,OH,Statewide,2019,all,,other materials,,319217,
Disposal,NC,Wake,2019,residential,,paper,,,0.237
Disposal,NC,Wake,2019,residential,,paper,compostable_paper,,0.074
Disposal,NC,Wake,2019,residential,,organic,,,0.34
Disposal,NC,Wake,2019,residential,,organic,food,,0.25
Disposal,NC,Wake,2019,residential,,other materials,,,0.42
Disposal,NC,Wake,2011,residential,,paper,,,0.253
Disposal,NC,Wake,2011,residential,,paper,compostable_paper,,0.065
Disposal,NC,Wake,2011,residential,,organic,,,0.26
Disposal,NC,Wake,2011,residential,,organic,food,,0.13
Disposal,NC,Wake,2011,residential,,other materials,,,0.49
Disposal,NC,Wake,2019,commercial,,paper,,,0.24
Disposal,NC,Wake,2019,commercial,,paper,compostable_paper,,0.066
Disposal,NC,Wake,2019,commercial,,organic,,,0.31
Disposal,NC,Wake,2019,commercial,,organic,food,,0.25
Disposal,NC,Wake,2019,commercial,,other materials,,,0.45
Disposal,NC,Wake,2011,commercial,,paper,,,0.271
Disposal,NC,Wake,2011,commercial,,paper,compostable_paper,,0.081
Disposal,NC,Wake,2011,commercial,,organic,,,0.27
Disposal,NC,Wake,2011,commercial,,organic,food,,0.15
Disposal,NC,Wake,2011,commercial,,other materials,,,0.44
Disposal,MN,Statewide,2013,all,,paper,,,0.25
Disposal,MN,Statewide,2013,all,,paper,compostable_paper,,0.1
Disposal,MN,Statewide,2013,all,,plastic,,,0.18
Disposal,MN,Statewide,2013,all,,metal,,,0.05
Disposal,MN,Statewide,2013,all,,glass,,,0.02
Disposal,MN,Statewide,2013,all,,organic,,,0.31
Disposal,MN,Statewide,2013,all,,organic,food,,0.18
Disposal,MN,Statewide,2013,all,,other materials,,,0.2
Disposal,MN,Statewide,2000,all,,paper,,,0.34
Disposal,MN,Statewide,2000,all,,paper,compostable_paper,,
Disposal,MN,Statewide,2000,all,,plastic,,,0.11
Disposal,MN,Statewide,2000,all,,metal,,,0.05
Disposal,MN,Statewide,2000,all,,glass,,,0.03
Disposal,MN,Statewide,2000,all,,organic,,,0.26
Disposal,MN,Statewide,2000,all,,organic,food,,
Disposal,MN,Statewide,2000,all,,other materials,,,0.21
Disposal,MI,Statewide,2016,all,,paper,,,0.22
Disposal,MI,Statewide,2016,all,,paper,compostable_paper,,
Disposal,MI,Statewide,2016,all,,plastic,,,0.14
Disposal,MI,Statewide,2016,all,,metal,,,0.04
Disposal,MI,Statewide,2016,all,,glass,,,0.02
Disposal,MI,Statewide,2016,all,,organic,,,0.35
Disposal,MI,Statewide,2016,all,,organic,food,,0.14
Disposal,MI,Statewide,2016,all,,construction and demolition,,,
Disposal,MI,Statewide,2016,all,,other materials,,,0.23
Disposal,MI,Statewide,2016,commercial,,paper,,,0.24
Disposal,MI,Statewide,2016,commercial,,paper,compostable_paper,,
Disposal,MI,Statewide,2016,commercial,,plastic,,,0.15
Disposal,MI,Statewide,2016,commercial,,metal,,,0.04
Disposal,MI,Statewide,2016,commercial,,glass,,,0.02
Disposal,MI,Statewide,2016,commercial,,organic,,,0.35
Disposal,MI,Statewide,2016,commercial,,organic,food,,0.14
Disposal,MI,Statewide,2016,commercial,,construction and demolition,,,
Disposal,MI,Statewide,2016,commercial,,other materials,,,0.21
Disposal,MI,Statewide,2016,residential,,paper,,,0.2
Disposal,MI,Statewide,2016,residential,,paper,compostable_paper,,
Disposal,MI,Statewide,2016,residential,,plastic,,,0.15
Disposal,MI,Statewide,2016,residential,,metal,,,0.03
Disposal,MI,Statewide,2016,residential,,glass,,,0.03
Disposal,MI,Statewide,2016,residential,,organic,,,0.38
Disposal,MI,Statewide,2016,residential,,organic,food,,0.17
Disposal,MI,Statewide,2016,residential,,construction and demolition,,,
Disposal,MI,Statewide,2016,residential,,other materials,,,0.21
Disposal,MD,Statewide,2016,all,,paper,,970146,
Disposal,MD,Statewide,2016,all,,paper,compostable_paper,285516,
Disposal,MD,Statewide,2016,all,,plastic,,528633,
Disposal,MD,Statewide,2016,all,,metal,,148891,
Disposal,MD,Statewide,2016,all,,glass,,86796,
Disposal,MD,Statewide,2016,all,,organic,,906747,
Disposal,MD,Statewide,2016,all,,organic,food,676590,
Disposal,MD,Statewide,2016,all,,construction and demolition,,580557,
Disposal,MD,Statewide,2016,all,,other materials,,562292,
Disposal,MD,Statewide,2016,residential,,paper,,462550.5,
Disposal,MD,Statewide,2016,residential,,paper,compostable_paper,157553,
Disposal,MD,Statewide,2016,residential,,plastic,,286781.31,
Disposal,MD,Statewide,2016,residential,,metal,,61056.67,
Disposal,MD,Statewide,2016,residential,,glass,,55506.06,
Disposal,MD,Statewide,2016,residential,,organic,,516206.36,
Disposal,MD,Statewide,2016,residential,,organic,food,344137.57,
Disposal,MD,Statewide,2016,residential,,construction and demolition,,123963.53,
Disposal,MD,Statewide,2016,residential,,other materials,,344137.57,
Disposal,MD,Statewide,2016,commercial,,paper,,539546.94,
Disposal,MD,Statewide,2016,commercial,,paper,compostable_paper,127963,
Disposal,MD,Statewide,2016,commercial,,plastic,,332623.92,
Disposal,MD,Statewide,2016,commercial,,metal,,71552.82,
Disposal,MD,Statewide,2016,commercial,,glass,,38677.2,
Disposal,MD,Statewide,2016,commercial,,organic,,454457.1,
Disposal,MD,Statewide,2016,commercial,,organic,food,369367.26,
Disposal,MD,Statewide,2016,commercial,,construction and demolition,,255269.52,
Disposal,MD,Statewide,2016,commercial,,other materials,,241732.5,
Disposal,KY,Louisville,2015,all,,paper,,163421,
Disposal,KY,Louisville,2015,all,,paper,compostable_paper,38442,
Disposal,KY,Louisville,2015,all,,plastic,,87203,
Disposal,KY,Louisville,2015,all,,metal,,22151,
Disposal,KY,Louisville,2015,all,,glass,,15739,
Disposal,KY,Louisville,2015,all,,organic,,138691,
Disposal,KY,Louisville,2015,all,,organic,food,88162,
Disposal,KY,Louisville,2015,all,,construction and demolition,,87696,
Disposal,KY,Louisville,2015,all,,other materials,,110160,
Disposal,KY,Louisville,2015,residential,single-family,paper,,57102,
Disposal,KY,Louisville,2015,residential,single-family,paper,compostable_paper,17965,
Disposal,KY,Louisville,2015,residential,single-family,plastic,,33663,
Disposal,KY,Louisville,2015,residential,single-family,metal,,9022,
Disposal,KY,Louisville,2015,residential,single-family,glass,,5250,
Disposal,KY,Louisville,2015,residential,single-family,organic,,65089,
Disposal,KY,Louisville,2015,residential,single-family,organic,food,35924,
Disposal,KY,Louisville,2015,residential,single-family,construction and demolition,,25894,
Disposal,KY,Louisville,2015,residential,single-family,other materials,,44779,
Disposal,KY,Louisville,2015,residential,multi-family,paper,,14145,
Disposal,KY,Louisville,2015,residential,multi-family,paper,compostable_paper,2424,
Disposal,KY,Louisville,2015,residential,multi-family,plastic,,5252,
Disposal,KY,Louisville,2015,residential,multi-family,metal,,2411,
Disposal,KY,Louisville,2015,residential,multi-family,glass,,2353,
Disposal,KY,Louisville,2015,residential,multi-family,organic,,7252,
Disposal,KY,Louisville,2015,residential,multi-family,organic,food,5249,
Disposal,KY,Louisville,2015,residential,multi-family,construction and demolition,,6628,
Disposal,KY,Louisville,2015,residential,multi-family,other materials,,10707,
Disposal,KY,Louisville,2015,commercial,,paper,,92173,
Disposal,KY,Louisville,2015,commercial,,paper,compostable_paper,18054,
Disposal,KY,Louisville,2015,commercial,,plastic,,48287,
Disposal,KY,Louisville,2015,commercial,,metal,,10718,
Disposal,KY,Louisville,2015,commercial,,glass,,8136,
Disposal,KY,Louisville,2015,commercial,,organic,,66351,
Disposal,KY,Louisville,2015,commercial,,organic,food,46989,
Disposal,KY,Louisville,2015,commercial,,construction and demolition,,55174,
Disposal,KY,Louisville,2015,commercial,,other materials,,54675,
Disposal,IN,Statewide,2012,all,,paper,,,0.29
Disposal,IN,Statewide,2012,all,,paper,compostable_paper,,0.04
Disposal,IN,Statewide,2012,all,,plastic,,,0.17
Disposal,IN,Statewide,2012,all,,metal,,,0.06
Disposal,IN,Statewide,2012,all,,glass,,,0.03
Disposal,IN,Statewide,2012,all,,organic,,,0.17
Disposal,IN,Statewide,2012,all,,organic,food,,0.1
Disposal,IN,Statewide,2012,all,,construction and demolition,,,0.05
Disposal,IN,Statewide,2012,all,,other materials,,,0.23
Disposal,IL,Statewide,2009,all,,paper,,,0.24
Disposal,IL,Statewide,2009,all,,paper,compostable_paper,,0.04
Disposal,IL,Statewide,2009,all,,plastic,,,0.15
Disposal,IL,Statewide,2009,all,,metal,,,0.06
Disposal,IL,Statewide,2009,all,,glass,,,0.04
Disposal,IL,Statewide,2009,all,,organic,,,0.26
Disposal,IL,Statewide,2009,all,,organic,food,,0.15
Disposal,IL,Statewide,2009,all,,construction and demolition,,,0.13
Disposal,IL,Statewide,2009,all,,other materials,,,0.13
Disposal,IL,Statewide,2009,commercial,,paper,,,0.28
Disposal,IL,Statewide,2009,commercial,,paper,compostable_paper,,0.03
Disposal,IL,Statewide,2009,commercial,,plastic,,,0.14
Disposal,IL,Statewide,2009,commercial,,metal,,,0.05
Disposal,IL,Statewide,2009,commercial,,glass,,,0.02
Disposal,IL,Statewide,2009,commercial,,organic,,,0.19
Disposal,IL,Statewide,2009,commercial,,organic,food,,0.12
Disposal,IL,Statewide,2009,commercial,,construction and demolition,,,0.23
Disposal,IL,Statewide,2009,commercial,,other materials,,,0.09
Disposal,IL,Statewide,2009,residential,,paper,,,0.26
Disposal,IL,Statewide,2009,residential,,paper,compostable_paper,,0.03
Disposal,IL,Statewide,2009,residential,,plastic,,,0.14
Disposal,IL,Statewide,2009,residential,,metal,,,0.05
Disposal,IL,Statewide,2009,residential,,glass,,,0.03
Disposal,IL,Statewide,2009,residential,,organic,,,0.22
Disposal,IL,Statewide,2009,residential,,organic,food,,0.13
Disposal,IL,Statewide,2009,residential,,construction and demolition,,,0.18
Disposal,IL,Statewide,2009,residential,,other materials,,,0.11
Disposal,IL,Statewide,2015,residential,,paper,,,0.21
Disposal,IL,Statewide,2015,residential,,paper,compostable_paper,,0.04
Disposal,IL,Statewide,2015,residential,,plastic,,,0.15
Disposal,IL,Statewide,2015,residential,,metal,,,0.04
Disposal,IL,Statewide,2015,residential,,glass,,,0.04
Disposal,IL,Statewide,2015,residential,,organic,,,0.33
Disposal,IL,Statewide,2015,residential,,organic,food,,0.2
Disposal,IL,Statewide,2015,residential,,construction and demolition,,,0.09
Disposal,IL,Statewide,2015,residential,,other materials,,,0.13
Disposal,IL,Statewide,2015,commercial,,paper,,,0.24
Disposal,IL,Statewide,2015,commercial,,paper,compostable_paper,,0.04
Disposal,IL,Statewide,2015,commercial,,plastic,,,0.17
Disposal,IL,Statewide,2015,commercial,,metal,,,0.04
Disposal,IL,Statewide,2015,commercial,,glass,,,0.03
Disposal,IL,Statewide,2015,commercial,,organic,,,0.24
Disposal,IL,Statewide,2015,commercial,,organic,food,,0.16
Disposal,IL,Statewide,2015,commercial,,construction and demolition,,,0.19
Disposal,IL,Statewide,2015,commercial,,other materials,,,0.08
Disposal,GA,statewide,2005,all,,paper,,2584972,
Disposal,GA,statewide,2005,all,,plastic,,1058981,
Disposal,GA,statewide,2005,all,,metal,,363410,
Disposal,GA,statewide,2005,all,,glass,,244564,
Disposal,GA,statewide,2005,all,,organic,,1811767,
Disposal,GA,statewide,2005,all,,organic,food,800329,
Disposal,GA,statewide,2005,all,,other,,222152,
Disposal,GA,statewide,2005,all,,construction and demolition,,399154,
Disposal,GA,statewide,2005,commercial,,paper,,1313602.5,
Disposal,GA,statewide,2005,commercial,,plastic,,521430,
Disposal,GA,statewide,2005,commercial,,metal,,183837.5,
Disposal,GA,statewide,2005,commercial,,glass,,106960,
Disposal,GA,statewide,2005,commercial,,organic,,895790,
Disposal,GA,statewide,2005,commercial,,organic,food,414470,
Disposal,GA,statewide,2005,commercial,,other,,193865,
Disposal,GA,statewide,2005,commercial,,construction and demolition,,130357.5,
Disposal,GA,statewide,2005,residential,,paper,,1240067.5,
Disposal,GA,statewide,2005,residential,,plastic,,554855,
Disposal,GA,statewide,2005,residential,,metal,,170467.5,
Disposal,GA,statewide,2005,residential,,glass,,153755,
Disposal,GA,statewide,2005,residential,,organic,,996065,
Disposal,GA,statewide,2005,residential,,organic,food,447895,
Disposal,GA,statewide,2005,residential,,other,,93590,
Disposal,GA,statewide,2005,residential,,construction and demolition,,130357.5,
Disposal,FL,Orange County,2019,all,,paper,,,0.271
Disposal,FL,Orange County,2019,all,,plastic,,,0.228
Disposal,FL,Orange County,2019,all,,metal,,,0.037
Disposal,FL,Orange County,2019,all,,glass,,,0.036
Disposal,FL,Orange County,2019,all,,organic,,,0.201
Disposal,FL,Orange County,2019,all,,organic,food,,0.102
Disposal,FL,Orange County,2019,all,,other,,,0.227
Disposal,FL,Orange County,2019,commercial,,paper,,,0.309
Disposal,FL,Orange County,2019,commercial,,plastic,,,0.24
Disposal,FL,Orange County,2019,commercial,,metal,,,0.025
Disposal,FL,Orange County,2019,commercial,,glass,,,0.03
Disposal,FL,Orange County,2019,commercial,,organic,,,0.181
Disposal,FL,Orange County,2019,commercial,,organic,food,,0.103
Disposal,FL,Orange County,2019,commercial,,other,,,0.216
Disposal,FL,Orange County,2019,residential,,paper,,,0.252
Disposal,FL,Orange County,2019,residential,,plastic,,,0.224
Disposal,FL,Orange County,2019,residential,,metal,,,0.042
Disposal,FL,Orange County,2019,residential,,glass,,,0.039
Disposal,FL,Orange County,2019,residential,,organic,,,0.211
Disposal,FL,Orange County,2019,residential,,organic,food,,0.102
Disposal,FL,Orange County,2019,residential,,other,,,0.232
Disposal,FL,Palm Beach County,2019,all,,paper,,,0.286
Disposal,FL,Palm Beach County,2019,all,,plastic,,,0.182
Disposal,FL,Palm Beach County,2019,all,,metal,,,0.027
Disposal,FL,Palm Beach County,2019,all,,glass,,,0.031
Disposal,FL,Palm Beach County,2019,all,,organic,,,0.257
Disposal,FL,Palm Beach County,2019,all,,organic,food,,0.172
Disposal,FL,Palm Beach County,2019,all,,other,,,0.22
Disposal,FL,Palm Beach County,2019,commercial,,paper,,,0.279
Disposal,FL,Palm Beach County,2019,commercial,,plastic,,,0.182
Disposal,FL,Palm Beach County,2019,commercial,,metal,,,0.026
Disposal,FL,Palm Beach County,2019,commercial,,glass,,,0.029
Disposal,FL,Palm Beach County,2019,commercial,,organic,,,0.251
Disposal,FL,Palm Beach County,2019,commercial,,organic,food,,0.179
Disposal,FL,Palm Beach County,2019,commercial,,other,,,0.236
Disposal,FL,Palm Beach County,2019,residential,,paper,,,0.301
Disposal,FL,Palm Beach County,2019,residential,,plastic,,,0.175
Disposal,FL,Palm Beach County,2019,residential,,metal,,,0.03
Disposal,FL,Palm Beach County,2019,residential,,glass,,,0.036
Disposal,FL,Palm Beach County,2019,residential,,organic,,,0.276
Disposal,FL,Palm Beach County,2019,residential,,organic,food,,0.157
Disposal,FL,Palm Beach County,2019,residential,,other,,,0.183
Disposal,DE,Statewide,2016,all,,paper,,148030,
Disposal,DE,Statewide,2016,all,,paper,compostable_paper,62258,
Disposal,DE,Statewide,2016,all,,plastic,,93369,
Disposal,DE,Statewide,2016,all,,metal,,19557,
Disposal,DE,Statewide,2016,all,,glass,,16612,
Disposal,DE,Statewide,2016,all,,organic,,252039,
Disposal,DE,Statewide,2016,all,,organic,food,131999,
Disposal,DE,Statewide,2016,all,,organic,other_organics,42974,
Disposal,DE,Statewide,2016,all,,other materials,,56763,
Disposal,DE,Statewide,2016,all,,construction and demolition,,66131,
Disposal,DE,Statewide,2016,residential,,paper,,68421,
Disposal,DE,Statewide,2016,residential,,paper,compostable_paper,30867,
Disposal,DE,Statewide,2016,residential,,plastic,,41404,
Disposal,DE,Statewide,2016,residential,,metal,,10569,
Disposal,DE,Statewide,2016,residential,,glass,,11472,
Disposal,DE,Statewide,2016,residential,,organic,,134603,
Disposal,DE,Statewide,2016,residential,,organic,food,64913,
Disposal,DE,Statewide,2016,residential,,organic,other_organics,42864,
Disposal,DE,Statewide,2016,residential,,other materials,,36884,
Disposal,DE,Statewide,2016,residential,,construction and demolition,,29703,
Disposal,DE,Statewide,2016,commercial,,paper,,79608,
Disposal,DE,Statewide,2016,commercial,,paper,compostable_paper,31391,
Disposal,DE,Statewide,2016,commercial,,plastic,,51965,
Disposal,DE,Statewide,2016,commercial,,metal,,8988,
Disposal,DE,Statewide,2016,commercial,,glass,,5140,
Disposal,DE,Statewide,2016,commercial,,organic,,117436,
Disposal,DE,Statewide,2016,commercial,,organic,food,67088,
Disposal,DE,Statewide,2016,commercial,,organic,other_organics,32078,
Disposal,DE,Statewide,2016,commercial,,other materials,,19880,
Disposal,DE,Statewide,2016,commercial,,construction and demolition,,36428,
Recycling,AZ,Phoenix,2015,all,,paper,,,0.547712059
Recycling,AZ,Phoenix,2015,all,,paper,compostable_paper,,0.011631103
Recycling,AZ,Phoenix,2015,all,,plastic,,,0.160764414
Recycling,AZ,Phoenix,2015,all,,metal,,,0.046082723
Recycling,AZ,Phoenix,2015,all,,glass,,,0.096386015
Recycling,AZ,Phoenix,2015,all,,organic,,,0.039526118
Recycling,AZ,Phoenix,2015,all,,organic,food,,0.022614397
Recycling,AZ,Phoenix,2015,all,,other materials,,,0.093088082
Recycling,AZ,Phoenix,2015,all,,hhw,,,0.002336036
Recycling,AZ,Phoenix,2015,all,,construction and demolition,,,0.014104552
Recycling,AZ,Phoenix,2015,all,,paper,,,0.125802718
Disposal,AZ,Phoenix,2015,all,,paper,compostable_paper,,0.05362465
Disposal,AZ,Phoenix,2015,all,,plastic,,,0.097624364
Disposal,AZ,Phoenix,2015,all,,metal,,,0.018563659
Disposal,AZ,Phoenix,2015,all,,glass,,,0.026506345
Disposal,AZ,Phoenix,2015,all,,organic,,,0.481351844
Disposal,AZ,Phoenix,2015,all,,organic,food,,0.142469043
Disposal,AZ,Phoenix,2015,all,,other materials,,,0.184107971
Disposal,AZ,Phoenix,2015,all,,hhw,,,0.006570255
Disposal,AZ,Phoenix,2015,all,,construction and demolition,,,0.059472843
Disposal,CO,Boulder,2015,residential,,paper,,17096,
Disposal,CO,Boulder,2015,residential,,paper,compostable_paper,6179,
Disposal,CO,Boulder,2015,residential,,plastic,,11614,
Disposal,CO,Boulder,2015,residential,,metal,,5741,
Disposal,CO,Boulder,2015,residential,,glass,,3028,
Disposal,CO,Boulder,2015,residential,,organic,,24445,
Disposal,CO,Boulder,2015,residential,,organic,food,15226,
Disposal,CO,Boulder,2015,residential,,problem materials,,17427,
Disposal,CO,Boulder,2015,residential,,hhw,,471,
Disposal,CO,Boulder,2015,residential,,construction and demolition,,6993,
Disposal,CO,Boulder,2015,residential,,other,,5255,
Disposal,CO,Boulder,2015,commercial,,paper,,33122,
Disposal,CO,Boulder,2015,commercial,,paper,compostable_paper,10191,
Disposal,CO,Boulder,2015,commercial,,plastic,,21215,
Disposal,CO,Boulder,2015,commercial,,metal,,5295,
Disposal,CO,Boulder,2015,commercial,,glass,,4753,
Disposal,CO,Boulder,2015,commercial,,organic,,24514,
Disposal,CO,Boulder,2015,commercial,,organic,food,21813,
Disposal,CO,Boulder,2015,commercial,,problem materials,,19788,
Disposal,CO,Boulder,2015,commercial,,hhw,,2319,
Disposal,CO,Boulder,2015,commercial,,construction and demolition,,26980,
Disposal,CO,Boulder,2015,commercial,,other,,4160,
Recycling,CO,Boulder,2015,all,,paper,,87241,
Recycling,CO,Boulder,2015,all,,paper,compostable_paper,3183,
Recycling,CO,Boulder,2015,all,,plastic,,11011,
Recycling,CO,Boulder,2015,all,,metal,,6727,
Recycling,CO,Boulder,2015,all,,glass,,24916,
Recycling,CO,Boulder,2015,all,,organic,,975,
Recycling,CO,Boulder,2015,all,,organic,food,952,
Recycling,CO,Boulder,2015,all,,problem materials,,651,
Recycling,CO,Boulder,2015,all,,hhw,,24,
Recycling,CO,Boulder,2015,all,,construction and demolition,,541,
Recycling,CO,Boulder,2015,all,,other,,9478,
Organics,CO,Boulder,2015,all,,paper,,7063,
Organics,CO,Boulder,2015,all,,paper,compostable_paper,5478,
Organics,CO,Boulder,2015,all,,plastic,,1525,
Organics,CO,Boulder,2015,all,,metal,,503,
Organics,CO,Boulder,2015,all,,glass,,307,
Organics,CO,Boulder,2015,all,,organic,,35970,
Organics,CO,Boulder,2015,all,,organic,food,27890,
Organics,CO,Boulder,2015,all,,problem materials,,909,
Organics,CO,Boulder,2015,all,,hhw,,0,
Organics,CO,Boulder,2015,all,,construction and demolition,,188,
Organics,CO,Boulder,2015,all,,other,,463,
Disposal,RI,statewide,2016,residential,,,,303000,
Disposal,RI,statewide,2016,commercial,,,,225000,
Disposal,RI,statewide,2016,other,,,,519000,
Disposal,RI,statewide,2016,commercial,,paper,,70192,
Disposal,RI,statewide,2016,commercial,,plastic,,27845,
Disposal,RI,statewide,2016,commercial,,metal,,6387,
Disposal,RI,statewide,2016,commercial,,glass,,5811,
Disposal,RI,statewide,2016,commercial,,organic,,53607,
Disposal,RI,statewide,2016,commercial,,construction and demolition,,24798,
Disposal,RI,,2016,commercial,,other_waste,,36360,
Disposal,RI,statewide,2016,residential,,paper,,56199,
Disposal,RI,statewide,2016,residential,,plastic,,34670,
Disposal,RI,statewide,2016,residential,,metal,,9289,
Disposal,RI,statewide,2016,residential,,glass,,4785,
Disposal,RI,statewide,2016,residential,,organic,,91589,
Disposal,RI,statewide,2016,residential,,construction and demolition,,26290,
Disposal,RI,statewide,2016,residential,,other_waste,,80178,
Disposal,RI,statewide,2016,residential,,organic,food,60577,
Disposal,RI,statewide,2016,commercial,,organic,food,39453,
Disposal,MA,statewide,2016,all,,paper,,,0.22
Disposal,MA,statewide,2016,all,,plastic,,,0.13
Disposal,MA,statewide,2016,all,,metal,,,0.04
Disposal,MA,statewide,2016,all,,glass,,,0.02
Disposal,MA,statewide,2016,all,,organic,,,0.31
Disposal,MA,statewide,2016,all,,construction and demolition,,,0.15
Disposal,MA,statewide,2016,all,,hhw,,,0.04
Disposal,MA,statewide,2016,all,,electronics,,,0.01
Disposal,MA,statewide,2016,all,,other_waste,,,0.08
Disposal,MA,statewide,2013,all,,paper,,,0.25
Disposal,MA,statewide,2013,all,,plastic,,,0.14
Disposal,MA,statewide,2013,all,,metal,,,0.04
Disposal,MA,statewide,2013,all,,glass,,,0.02
Disposal,MA,statewide,2013,all,,organic,,,0.266
Disposal,MA,statewide,2013,all,,construction and demolition,,,0.13
Disposal,MA,statewide,2013,all,,hhw,,,0.03
Disposal,MA,statewide,2013,all,,electronics,,,0.02
Disposal,MA,statewide,2013,all,,other_waste,,,0.11
Disposal,MA,statewide,2010,all,,paper,,,0.26
Disposal,MA,statewide,2010,all,,plastic,,,0.14
Disposal,MA,statewide,2010,all,,metal,,,0.05
Disposal,MA,statewide,2010,all,,glass,,,0.02
Disposal,MA,statewide,2010,all,,organic,,,0.21
Disposal,MA,statewide,2010,all,,construction and demolition,,,0.14
Disposal,MA,statewide,2010,all,,hhw,,,0.03
Disposal,MA,statewide,2010,all,,electronics,,,0.03
Disposal,MA,statewide,2010,all,,other_waste,,,0.12
Disposal,MA,statewide,2010,all,,organic,food,,0.15
Disposal,MA,statewide,2010,all,,organic,other,,0.06
Disposal,MA,statewide,2013,all,,organic,food,,0.188
Disposal,MA,statewide,2013,all,,organic,other,,0.078
Disposal,MA,statewide,2016,all,,organic,food,,0.26
Disposal,MA,statewide,2016,all,,organic,other,,0.05
Disposal,MA,statewide,2019,all,,paper,,,0.21
Disposal,MA,statewide,2019,all,,plastic,,,0.16
Disposal,MA,statewide,2019,all,,metal,,,0.04
Disposal,MA,statewide,2019,all,,glass,,,0.03
Disposal,MA,statewide,2019,all,,organic,,,0.28
Disposal,MA,statewide,2019,all,,construction and demolition,,,0.14
Disposal,MA,statewide,2019,all,,hhw,,,0.04
Disposal,MA,statewide,2019,all,,electronics,,,0.01
Disposal,MA,statewide,2019,all,,other_waste,,,0.09
Disposal,MA,statewide,2019,all,,organic,food,,0.22
Disposal,MA,statewide,2019,all,,organic,other,,0.06
Disposal,VT,statewide,2013,residential,,paper,,54978,
Disposal,VT,statewide,2013,residential,,paper,compostable_paper,15506,
Disposal,VT,statewide,2013,residential,,plastic,,26899,
Disposal,VT,statewide,2013,residential,,metal,,8842,
Disposal,VT,statewide,2013,residential,,glass,,4492,
Disposal,VT,statewide,2013,residential,,organic,,69708,
Disposal,VT,statewide,2013,residential,,construction and demolition,,25217,
Disposal,VT,statewide,2013,residential,,hhw,,423,
Disposal,VT,statewide,2013,residential,,electronics,,5544,
Disposal,VT,statewide,2013,residential,,other_waste,,52007,
Disposal,VT,statewide,2013,commercial,,paper,,45752,
Disposal,VT,statewide,2013,commercial,,paper,compostable_paper,6345,
Disposal,VT,statewide,2013,commercial,,plastic,,20198,
Disposal,VT,statewide,2013,commercial,,metal,,4466,
Disposal,VT,statewide,2013,commercial,,glass,,2001,
Disposal,VT,statewide,2013,commercial,,organic,,29031,
Disposal,VT,statewide,2013,commercial,,construction and demolition,,25625,
Disposal,VT,statewide,2013,commercial,,hhw,,217,
Disposal,VT,statewide,2013,commercial,,electronics,,2466,
Disposal,VT,statewide,2013,commercial,,other_waste,,35651,
Disposal,VT,statewide,2013,residential,,organic,food,41434.37,
Disposal,VT,statewide,2013,commercial,,organic,food,18525.58,
Disposal,VT,statewide,2018,residential,,paper,,43107,
Disposal,VT,statewide,2018,residential,,paper,compostable_paper,20888,
Disposal,VT,statewide,2018,residential,,plastic,,24387,
Disposal,VT,statewide,2018,residential,,metal,,5287,
Disposal,VT,statewide,2018,residential,,glass,,4548,
Disposal,VT,statewide,2018,residential,,organic,,57349,
Disposal,VT,statewide,2018,residential,,construction and demolition,,19509,
Disposal,VT,statewide,2018,residential,,hhw,,1108,
Disposal,VT,statewide,2018,residential,,electronics,,2240,
Disposal,VT,statewide,2018,residential,,other_waste,,38574,
Disposal,VT,statewide,2018,commercial,,paper,,40773,
Disposal,VT,statewide,2018,commercial,,paper,compostable_paper,14515,
Disposal,VT,statewide,2018,commercial,,plastic,,29325,
Disposal,VT,statewide,2018,commercial,,metal,,5405,
Disposal,VT,statewide,2018,commercial,,glass,,3554,
Disposal,VT,statewide,2018,commercial,,organic,,45779,
Disposal,VT,statewide,2018,commercial,,construction and demolition,,27315,
Disposal,VT,statewide,2018,commercial,,hhw,,634,
Disposal,VT,statewide,2018,commercial,,electronics,,724,
Disposal,VT,statewide,2018,commercial,,other_waste,,31743,
Disposal,VT,statewide,2018,residential,,organic,food,40776,
Disposal,VT,statewide,2018,commercial,,organic,food,40852,
disposal,CT,statewide,2008,residential,,paper,,335752,
disposal,CT,statewide,2008,residential,,paper,compostable_paper,131389,
disposal,CT,statewide,2008,residential,,plastic,,172626,
disposal,CT,statewide,2008,residential,,metal,,60953,
disposal,CT,statewide,2008,residential,,glass,,29921,
disposal,CT,statewide,2008,residential,,organic,,428088,
disposal,CT,statewide,2008,residential,,organic,food,183112,
disposal,CT,statewide,2008,residential,,organic,other,244976,
disposal,CT,statewide,2008,residential,,construction and demolition,,141057,
disposal,CT,statewide,2008,residential,,hhw,,5147,
disposal,CT,statewide,2008,residential,,electronics,,26811,
disposal,CT,statewide,2008,residential,,other_waste,,134295,
disposal,CT,statewide,2008,commercial,,paper,,280471,
disposal,CT,statewide,2008,commercial,,paper,compostable_paper,63795,
disposal,CT,statewide,2008,commercial,,plastic,,176854,
disposal,CT,statewide,2008,commercial,,metal,,46523,
disposal,CT,statewide,2008,commercial,,glass,,21144,
disposal,CT,statewide,2008,commercial,,organic,,208127,
disposal,CT,statewide,2008,commercial,,organic,food,138369,
disposal,CT,statewide,2008,commercial,,organic,other,69758,
disposal,CT,statewide,2008,commercial,,construction and demolition,,193759,
disposal,CT,statewide,2008,commercial,,hhw,,7839,
disposal,CT,statewide,2008,commercial,,electronics,,23928,
disposal,CT,statewide,2008,commercial,,other_waste,,86392,
disposal,CT,statewide,2015,residential,,paper,,273036,
disposal,CT,statewide,2015,residential,,paper,compostable_paper,130759,
disposal,CT,statewide,2015,residential,,plastic,,146175,
disposal,CT,statewide,2015,residential,,metal,,40029,
disposal,CT,statewide,2015,residential,,glass,,38526,
disposal,CT,statewide,2015,residential,,organic,,470147,
disposal,CT,statewide,2015,residential,,organic,food,272656,
disposal,CT,statewide,2015,residential,,organic,other,197491,
disposal,CT,statewide,2015,residential,,construction and demolition,,167408,
disposal,CT,statewide,2015,residential,,hhw,,10487,
disposal,CT,statewide,2015,residential,,electronics,,5417,
disposal,CT,statewide,2015,residential,,other_waste,,211338,
disposal,CT,statewide,2015,commercial,,paper,,266457,
disposal,CT,statewide,2015,commercial,,paper,compostable_paper,119070,
disposal,CT,statewide,2015,commercial,,plastic,,129438,
disposal,CT,statewide,2015,commercial,,metal,,42414,
disposal,CT,statewide,2015,commercial,,glass,,19986,
disposal,CT,statewide,2015,commercial,,organic,,308607,
disposal,CT,statewide,2015,commercial,,organic,food,247176,
disposal,CT,statewide,2015,commercial,,organic,other,61431,
disposal,CT,statewide,2015,commercial,,construction and demolition,,109588,
disposal,CT,statewide,2015,commercial,,hhw,,6456,
disposal,CT,statewide,2015,commercial,,electronics,,6489,
disposal,CT,statewide,2015,commercial,,other_waste,,80602,
Disposal,WI,Statewide,2002,all,,paper,,987646,
Disposal,WI,Statewide,2002,all,,paper,compostable_paper,228310,
Disposal,WI,Statewide,2002,all,,plastic,,499313,
Disposal,WI,Statewide,2002,all,,metal,,299245,
Disposal,WI,Statewide,2002,all,,glass,,107862,
Disposal,WI,Statewide,2002,all,,organic,,853914,
Disposal,WI,Statewide,2002,all,,organic,food,486619,
Disposal,WI,Statewide,2002,all,,construction and demolition,,1364053,
Disposal,WI,Statewide,2002,all,,other materials,,640185,
Disposal,WI,Statewide,2002,residential,,paper,,400448,
Disposal,WI,Statewide,2002,residential,,paper,compostable_paper,95567,
Disposal,WI,Statewide,2002,residential,,plastic,,167989,
Disposal,WI,Statewide,2002,residential,,metal,,89161,
Disposal,WI,Statewide,2002,residential,,glass,,39148,
Disposal,WI,Statewide,2002,residential,,organic,,403320,
Disposal,WI,Statewide,2002,residential,,organic,food,206363,
Disposal,WI,Statewide,2002,residential,,construction and demolition,,189201,
Disposal,WI,Statewide,2002,residential,,other materials,,246412,
Disposal,WI,Statewide,2002,commercial,,paper,,541213,
Disposal,WI,Statewide,2002,commercial,,paper,compostable_paper,131327,
Disposal,WI,Statewide,2002,commercial,,plastic,,306635,
Disposal,WI,Statewide,2002,commercial,,metal,,142502,
Disposal,WI,Statewide,2002,commercial,,glass,,49949,
Disposal,WI,Statewide,2002,commercial,,organic,,439815,
Disposal,WI,Statewide,2002,commercial,,organic,food,277650,
Disposal,WI,Statewide,2002,commercial,,construction and demolition,,324508,
Disposal,WI,Statewide,2002,commercial,,other materials,,295576,
Disposal,WI,Statewide,2009,all,,paper,,840052,
Disposal,WI,Statewide,2009,all,,paper,compostable_paper,213694,
Disposal,WI,Statewide,2009,all,,plastic,,605346,
Disposal,WI,Statewide,2009,all,,metal,,211980,
Disposal,WI,Statewide,2009,all,,glass,,71991,
Disposal,WI,Statewide,2009,all,,organic,,996383,
Disposal,WI,Statewide,2009,all,,organic,food,455259,
Disposal,WI,Statewide,2009,all,,construction and demolition,,914777,
Disposal,WI,Statewide,2009,all,,other materials,,650974,
Disposal,WI,Statewide,2009,residential,,paper,,293764,
Disposal,WI,Statewide,2009,residential,,paper,compostable_paper,103706,
Disposal,WI,Statewide,2009,residential,,plastic,,192638,
Disposal,WI,Statewide,2009,residential,,metal,,65997,
Disposal,WI,Statewide,2009,residential,,glass,,21032,
Disposal,WI,Statewide,2009,residential,,organic,,536848,
Disposal,WI,Statewide,2009,residential,,organic,food,251423,
Disposal,WI,Statewide,2009,residential,,construction and demolition,,138194,
Disposal,WI,Statewide,2009,residential,,other materials,,192018,
Disposal,WI,Statewide,2009,commercial,,paper,,555846,
Disposal,WI,Statewide,2009,commercial,,paper,compostable_paper,89534,
Disposal,WI,Statewide,2009,commercial,,plastic,,373798,
Disposal,WI,Statewide,2009,commercial,,metal,,91704,
Disposal,WI,Statewide,2009,commercial,,glass,,67088,
Disposal,WI,Statewide,2009,commercial,,organic,,454729,
Disposal,WI,Statewide,2009,commercial,,organic,food,239546,
Disposal,WI,Statewide,2009,commercial,,construction and demolition,,217186,
Disposal,WI,Statewide,2009,commercial,,other materials,,349105,
Disposal,WI,Statewide,2021,all,,paper,,924900,
Disposal,WI,Statewide,2021,all,,paper,compostable_paper,232000,
Disposal,WI,Statewide,2021,all,,plastic,,745600,
Disposal,WI,Statewide,2021,all,,metal,,198500,
Disposal,WI,Statewide,2021,all,,glass,,97600,
Disposal,WI,Statewide,2021,all,,organic,,1322200,
Disposal,WI,Statewide,2021,all,,organic,food,854000,
Disposal,WI,Statewide,2021,all,,construction and demolition,,296600,
Disposal,WI,Statewide,2021,all,,other materials,,764700,
Disposal,WI,Statewide,2021,commercial,,paper,,,0.24
Disposal,WI,Statewide,2021,commercial,,paper,compostable_paper,,0.05
Disposal,WI,Statewide,2021,commercial,,plastic,,,0.18
Disposal,WI,Statewide,2021,commercial,,metal,,,0.05
Disposal,WI,Statewide,2021,commercial,,glass,,,0.02
Disposal,WI,Statewide,2021,commercial,,organic,,,0.26
Disposal,WI,Statewide,2021,commercial,,organic,food,,0.19
Disposal,WI,Statewide,2021,commercial,,construction and demolition,,,0.1
Disposal,WI,Statewide,2021,commercial,,other materials,,,0.15
Disposal,CA,Statewide,2008,all,,paper,,6859121,
Disposal,CA,Statewide,2008,all,,paper,compostable_paper,,
Disposal,CA,Statewide,2008,all,,plastic,,3807952,
Disposal,CA,Statewide,2008,all,,metal,,1809684,
Disposal,CA,Statewide,2008,all,,glass,,565844,
Disposal,CA,Statewide,2008,all,,organic,,12888039,
Disposal,CA,Statewide,2008,all,,organic,food,6158120,
Disposal,CA,Statewide,2008,all,,construction and demolition,,11577768,
Disposal,CA,Statewide,2008,all,,other materials,,2214410,
Disposal,CA,Statewide,2008,residential,,paper,,2337272,
Disposal,CA,Statewide,2008,residential,,paper,compostable_paper,,
Disposal,CA,Statewide,2008,residential,,plastic,,1103485,
Disposal,CA,Statewide,2008,residential,,metal,,478431,
Disposal,CA,Statewide,2008,residential,,glass,,282933,
Disposal,CA,Statewide,2008,residential,,organic,,5800260,
Disposal,CA,Statewide,2008,residential,,organic,food,3034040,
Disposal,CA,Statewide,2008,residential,,construction and demolition,,1340446,
Disposal,CA,Statewide,2008,residential,,other materials,,592346,
Disposal,CA,Statewide,2008,commercial,,paper,,4072311,
Disposal,CA,Statewide,2008,commercial,,paper,compostable_paper,,
Disposal,CA,Statewide,2008,commercial,,plastic,,2232684,
Disposal,CA,Statewide,2008,commercial,,metal,,880362,
Disposal,CA,Statewide,2008,commercial,,glass,,245547,
Disposal,CA,Statewide,2008,commercial,,organic,,5982161,
Disposal,CA,Statewide,2008,commercial,,organic,food,3032805,
Disposal,CA,Statewide,2008,commercial,,construction and demolition,,5461616,
Disposal,CA,Statewide,2008,commercial,,other materials,,797866,
Disposal,CA,Statewide,2008,commercial,self-haul,paper,,384854,
Disposal,CA,Statewide,2008,commercial,self-haul,paper,compostable_paper,,
Disposal,CA,Statewide,2008,commercial,self-haul,plastic,,378044,
Disposal,CA,Statewide,2008,commercial,self-haul,metal,,333090,
Disposal,CA,Statewide,2008,commercial,self-haul,glass,,16107,
Disposal,CA,Statewide,2008,commercial,self-haul,organic,,915720,
Disposal,CA,Statewide,2008,commercial,self-haul,organic,food,63049,
Disposal,CA,Statewide,2008,commercial,self-haul,construction and demolition,,4155221,
Disposal,CA,Statewide,2008,commercial,self-haul,other materials,,629428,
Disposal,CA,Statewide,2008,residential,self-haul,paper,,64685,
Disposal,CA,Statewide,2008,residential,self-haul,paper,compostable_paper,,
Disposal,CA,Statewide,2008,residential,self-haul,plastic,,93738,
Disposal,CA,Statewide,2008,residential,self-haul,metal,,117800,
Disposal,CA,Statewide,2008,residential,self-haul,glass,,21257,
Disposal,CA,Statewide,2008,residential,self-haul,organic,,189898,
Disposal,CA,Statewide,2008,residential,self-haul,organic,food,28226,
Disposal,CA,Statewide,2008,residential,self-haul,construction and demolition,,620485,
Disposal,CA,Statewide,2008,residential,self-haul,other materials,,194771,
Disposal,CA,Statewide,2014,all,,paper,,5367734,
Disposal,CA,Statewide,2014,all,,paper,compostable_paper,2024520,
Disposal,CA,Statewide,2014,all,,plastic,,3215943,
Disposal,CA,Statewide,2014,all,,metal,,957027,
Disposal,CA,Statewide,2014,all,,glass,,764162,
Disposal,CA,Statewide,2014,all,,organic,,11558054,
Disposal,CA,Statewide,2014,all,,organic,food,5591179,
Disposal,CA,Statewide,2014,all,,construction and demolition,,6132838,
Disposal,CA,Statewide,2014,all,,other materials,,2868521,
Disposal,CA,Statewide,2014,commercial,,paper,,2433919,
Disposal,CA,Statewide,2014,commercial,,paper,compostable_paper,858580,
Disposal,CA,Statewide,2014,commercial,,plastic,,1491458,
Disposal,CA,Statewide,2014,commercial,,metal,,388592,
Disposal,CA,Statewide,2014,commercial,,glass,,369766,
Disposal,CA,Statewide,2014,commercial,,organic,,4145711,
Disposal,CA,Statewide,2014,commercial,,organic,food,2390922,
Disposal,CA,Statewide,2014,commercial,,construction and demolition,,2132837,
Disposal,CA,Statewide,2014,commercial,,other materials,,947654,
Disposal,CA,Statewide,2014,residential,,paper,,2787295,
Disposal,CA,Statewide,2014,residential,,paper,compostable_paper,1158007,
Disposal,CA,Statewide,2014,residential,,plastic,,1485047,
Disposal,CA,Statewide,2014,residential,,metal,,415855,
Disposal,CA,Statewide,2014,residential,,glass,,320710,
Disposal,CA,Statewide,2014,residential,,organic,,6568469,
Disposal,CA,Statewide,2014,residential,,organic,food,3181722,
Disposal,CA,Statewide,2014,residential,,construction and demolition,,1563611,
Disposal,CA,Statewide,2014,residential,,other materials,,1375225,
Disposal,CA,Statewide,2014,commercial,self-haul,paper,,120401,
Disposal,CA,Statewide,2014,commercial,self-haul,paper,compostable_paper,3967,
Disposal,CA,Statewide,2014,commercial,self-haul,plastic,,192490,
Disposal,CA,Statewide,2014,commercial,self-haul,metal,,111828,
Disposal,CA,Statewide,2014,commercial,self-haul,glass,,22123,
Disposal,CA,Statewide,2014,commercial,self-haul,organic,,686684,
Disposal,CA,Statewide,2014,commercial,self-haul,organic,food,11848,
Disposal,CA,Statewide,2014,commercial,self-haul,construction and demolition,,1967258,
Disposal,CA,Statewide,2014,commercial,self-haul,other materials,,385513,
Disposal,CA,Statewide,2014,residential,self-haul,paper,,26118,
Disposal,CA,Statewide,2014,residential,self-haul,paper,compostable_paper,3967,
Disposal,CA,Statewide,2014,residential,self-haul,plastic,,24564,
Disposal,CA,Statewide,2014,residential,self-haul,metal,,40753,
Disposal,CA,Statewide,2014,residential,self-haul,glass,,24565,
Disposal,CA,Statewide,2014,residential,self-haul,organic,,157190,
Disposal,CA,Statewide,2014,residential,self-haul,organic,food,6687,
Disposal,CA,Statewide,2014,residential,self-haul,construction and demolition,,469132,
Disposal,CA,Statewide,2014,residential,self-haul,other materials,,209511,
Disposal,CA,Statewide,2018,all,,paper,,6525762,
Disposal,CA,Statewide,2018,all,,paper,compostable_paper,2046717,
Disposal,CA,Statewide,2018,all,,plastic,,4524052,
Disposal,CA,Statewide,2018,all,,metal,,1811134,
Disposal,CA,Statewide,2018,all,,glass,,658952,
Disposal,CA,Statewide,2018,all,,organic,,13397041,
Disposal,CA,Statewide,2018,all,,organic,food,5859535,
Disposal,CA,Statewide,2018,all,,construction and demolition,,5556049,
Disposal,CA,Statewide,2018,all,,other materials,,6831467,
Disposal,CA,Statewide,2018,commercial,,paper,,3980864,
Disposal,CA,Statewide,2018,commercial,,paper,compostable_paper,1177313,
Disposal,CA,Statewide,2018,commercial,,plastic,,2370710,
Disposal,CA,Statewide,2018,commercial,,metal,,727929,
Disposal,CA,Statewide,2018,commercial,,glass,,293879,
Disposal,CA,Statewide,2018,commercial,,organic,,5986788,
Disposal,CA,Statewide,2018,commercial,,organic,food,3013620,
Disposal,CA,Statewide,2018,commercial,,construction and demolition,,901365,
Disposal,CA,Statewide,2018,commercial,,other materials,,2206071,
Disposal,CA,Statewide,2018,residential,single-family,paper,,1837373,
Disposal,CA,Statewide,2018,residential,single-family,paper,compostable_paper,754646,
Disposal,CA,Statewide,2018,residential,single-family,plastic,,1313602,
Disposal,CA,Statewide,2018,residential,single-family,metal,,384389,
Disposal,CA,Statewide,2018,residential,single-family,glass,,205593,
Disposal,CA,Statewide,2018,residential,single-family,organic,,3076079,
Disposal,CA,Statewide,2018,residential,single-family,organic,food,1879835,
Disposal,CA,Statewide,2018,residential,single-family,construction and demolition,,408197,
Disposal,CA,Statewide,2018,residential,single-family,other materials,,2196245,
Disposal,CA,Statewide,2018,residential,multi-family,paper,,347548,
Disposal,CA,Statewide,2018,residential,multi-family,paper,compostable_paper,107693,
Disposal,CA,Statewide,2018,residential,multi-family,plastic,,186978,
Disposal,CA,Statewide,2018,residential,multi-family,metal,,81081,
Disposal,CA,Statewide,2018,residential,multi-family,glass,,85181,
Disposal,CA,Statewide,2018,residential,multi-family,organic,,565046,
Disposal,CA,Statewide,2018,residential,multi-family,organic,food,444613,
Disposal,CA,Statewide,2018,residential,multi-family,construction and demolition,,30490,
Disposal,CA,Statewide,2018,residential,multi-family,other materials,,514528,
Disposal,CA,Statewide,2018,commercial,self-haul,paper,,282774.55,
Disposal,CA,Statewide,2018,commercial,self-haul,paper,compostable_paper,5550.58,
Disposal,CA,Statewide,2018,commercial,self-haul,plastic,,512766.01,
Disposal,CA,Statewide,2018,commercial,self-haul,metal,,485251.15,
Disposal,CA,Statewide,2018,commercial,self-haul,glass,,58364.31,
Disposal,CA,Statewide,2018,commercial,self-haul,organic,,2960774.72,
Disposal,CA,Statewide,2018,commercial,self-haul,organic,food,187659.88,
Disposal,CA,Statewide,2018,commercial,self-haul,construction and demolition,,3311803.44,
Disposal,CA,Statewide,2018,commercial,self-haul,other materials,,1503998.52,
Disposal,CA,Statewide,2018,residential,self-haul,paper,,77203.45,
Disposal,CA,Statewide,2018,residential,self-haul,paper,compostable_paper,1515.42,
Disposal,CA,Statewide,2018,residential,self-haul,plastic,,139995.99,
Disposal,CA,Statewide,2018,residential,self-haul,metal,,132483.85,
Disposal,CA,Statewide,2018,residential,self-haul,glass,,15934.69,
Disposal,CA,Statewide,2018,residential,self-haul,organic,,808354.28,
Disposal,CA,Statewide,2018,residential,self-haul,organic,food,51235.12,
Disposal,CA,Statewide,2018,residential,self-haul,construction and demolition,,904192.56,
Disposal,CA,Statewide,2018,residential,self-haul,other materials,,410623.48,
Disposal,CA,Statewide,2021,residential,,paper,,2358482,
Disposal,CA,Statewide,2021,residential,,paper,compostable_paper,775280,
Disposal,CA,Statewide,2021,residential,,plastic,,1976620,
Disposal,CA,Statewide,2021,residential,,metal,,593571,
Disposal,CA,Statewide,2021,residential,,glass,,342280,
Disposal,CA,Statewide,2021,residential,,organic,,3452551,
Disposal,CA,Statewide,2021,residential,,organic,food,2225437,
Disposal,CA,Statewide,2021,residential,,construction and demolition,,347021,
Disposal,CA,Statewide,2021,residential,,other materials,,3739688,
Disposal,CA,Statewide,2021,commercial,,paper,,4081117,
Disposal,CA,Statewide,2021,commercial,,paper,compostable_paper,786188,
Disposal,CA,Statewide,2021,commercial,,plastic,,3378755,
Disposal,CA,Statewide,2021,commercial,,metal,,693576,
Disposal,CA,Statewide,2021,commercial,,glass,,623567,
Disposal,CA,Statewide,2021,commercial,,organic,,4751847,
Disposal,CA,Statewide,2021,commercial,,organic,food,2738599,
Disposal,CA,Statewide,2021,commercial,,construction and demolition,,1048968,
Disposal,CA,Statewide,2021,commercial,,other materials,,4628525,
Disposal,CA,Statewide,2021,commercial,self-haul,paper,,270850.16,
Disposal,CA,Statewide,2021,commercial,self-haul,paper,compostable_paper,18798.59,
Disposal,CA,Statewide,2021,commercial,self-haul,plastic,,384511.27,
Disposal,CA,Statewide,2021,commercial,self-haul,metal,,471446.19,
Disposal,CA,Statewide,2021,commercial,self-haul,glass,,62252.69,
Disposal,CA,Statewide,2021,commercial,self-haul,organic,,2245109.5,
Disposal,CA,Statewide,2021,commercial,self-haul,organic,food,108976.19,
Disposal,CA,Statewide,2021,commercial,self-haul,construction and demolition,,1919849.41,
Disposal,CA,Statewide,2021,commercial,self-haul,other materials,,822166.98,
Disposal,CA,Statewide,2021,residential,self-haul,paper,,73947.84,
Disposal,CA,Statewide,2021,residential,self-haul,paper,compostable_paper,5132.41,
Disposal,CA,Statewide,2021,residential,self-haul,plastic,,104979.73,
Disposal,CA,Statewide,2021,residential,self-haul,metal,,128714.81,
Disposal,CA,Statewide,2021,residential,self-haul,glass,,16996.31,
Disposal,CA,Statewide,2021,residential,self-haul,organic,,612962.5,
Disposal,CA,Statewide,2021,residential,self-haul,organic,food,29752.81,
Disposal,CA,Statewide,2021,residential,self-haul,construction and demolition,,524159.59,
Disposal,CA,Statewide,2021,residential,self-haul,other materials,,224469.02,
Disposal,NC,Wake,2019,all,,paper,,,0.229
Disposal,NC,Wake,2019,all,,paper,compostable_paper,,0.065
Disposal,NC,Wake,2019,all,,plastic,,,
Disposal,NC,Wake,2019,all,,metal,,,
Disposal,NC,Wake,2019,all,,glass,,,
Disposal,NC,Wake,2019,all,,organic,,,0.309
Disposal,NC,Wake,2019,all,,organic,food,,0.232
Disposal,NC,Wake,2019,all,,construction and demolition,,,
Disposal,NC,Wake,2019,all,,other materials,,,0.462
Disposal,NC,Wake,2011,all,,paper,,,0.249
Disposal,NC,Wake,2011,all,,paper,compostable_paper,,0.069
Disposal,NC,Wake,2011,all,,plastic,,,
Disposal,NC,Wake,2011,all,,metal,,,
Disposal,NC,Wake,2011,all,,glass,,,
Disposal,NC,Wake,2011,all,,organic,,,0.318
Disposal,NC,Wake,2011,all,,organic,food,,0.225
Disposal,NC,Wake,2011,all,,construction and demolition,,,
Disposal,NC,Wake,2011,all,,other materials,,,0.457
Disposal,TN,Lewisburg and Montgomery,2008,all,,construction and demolition,,,0.0487
Disposal,TN,Lewisburg and Montgomery,2008,all,,glass,,,0.0506
Disposal,TN,Lewisburg and Montgomery,2008,all,,metal,,,0.0573
Disposal,TN,Lewisburg and Montgomery,2008,all,,organic,,,0.2165
Disposal,TN,Lewisburg and Montgomery,2008,all,,organic,food,,0.1528
Disposal,TN,Lewisburg and Montgomery,2008,all,,other materials,,,0.1687
Disposal,TN,Lewisburg and Montgomery,2008,all,,paper,,,0.3209
Disposal,TN,Lewisburg and Montgomery,2008,all,,paper,compostable_paper,,
Disposal,TN,Lewisburg and Montgomery,2008,all,,plastic,,,0.1373
Disposal,TN,Lewisburg and Montgomery,2008,commercial,,construction and demolition,,,0.0729
Disposal,TN,Lewisburg and Montgomery,2008,commercial,,glass,,,0.0494
Disposal,TN,Lewisburg and Montgomery,2008,commercial,,metal,,,0.0602
Disposal,TN,Lewisburg and Montgomery,2008,commercial,,organic,,,0.1581
Disposal,TN,Lewisburg and Montgomery,2008,commercial,,organic,food,,0.0961
Disposal,TN,Lewisburg and Montgomery,2008,commercial,,other materials,,,0.187
Disposal,TN,Lewisburg and Montgomery,2008,commercial,,paper,,,0.3703
Disposal,TN,Lewisburg and Montgomery,2008,commercial,,paper,compostable_paper,,
Disposal,TN,Lewisburg and Montgomery,2008,commercial,,plastic,,,0.1021
Disposal,TN,Lewisburg and Montgomery,2008,residential,,construction and demolition,,,0.0407
Disposal,TN,Lewisburg and Montgomery,2008,residential,,glass,,,0.0518
Disposal,TN,Lewisburg and Montgomery,2008,residential,,metal,,,0.0564
Disposal,TN,Lewisburg and Montgomery,2008,residential,,organic,,,0.2411
Disposal,TN,Lewisburg and Montgomery,2008,residential,,organic,food,,0.1773
Disposal,TN,Lewisburg and Montgomery,2008,residential,,other materials,,,0.1564
Disposal,TN,Lewisburg and Montgomery,2008,residential,,paper,,,0.2955
Disposal,TN,Lewisburg and Montgomery,2008,residential,,paper,compostable_paper,,
Disposal,TN,Lewisburg and Montgomery,2008,residential,,plastic,,,0.1581
Disposal,IA,Statewide,2005,all,,paper,,,0.33
Disposal,IA,Statewide,2005,all,,paper,compostable_paper,,0.065
Disposal,IA,Statewide,2005,all,,plastic,,,0.149
Disposal,IA,Statewide,2005,all,,metal,,,0.047
Disposal,IA,Statewide,2005,all,,glass,,,0.017
Disposal,IA,Statewide,2005,all,,organic,,,0.137
Disposal,IA,Statewide,2005,all,,organic,food,,0.105
Disposal,IA,Statewide,2005,all,,construction and demolition,,,0.055
Disposal,IA,Statewide,2005,all,,other materials,,,0.265
Disposal,IA,Statewide,2005,residential,,paper,,,0.311
Disposal,IA,Statewide,2005,residential,,paper,compostable_paper,,0.079
Disposal,IA,Statewide,2005,residential,,plastic,,,0.132
Disposal,IA,Statewide,2005,residential,,metal,,,0.042
Disposal,IA,Statewide,2005,residential,,glass,,,0.024
Disposal,IA,Statewide,2005,residential,,organic,,,0.151
Disposal,IA,Statewide,2005,residential,,organic,food,,0.112
Disposal,IA,Statewide,2005,residential,,construction and demolition,,,0.054
Disposal,IA,Statewide,2005,residential,,other materials,,,0.286
Disposal,IA,Statewide,2005,commercial,,paper,,,0.341
Disposal,IA,Statewide,2005,commercial,,paper,compostable_paper,,0.054
Disposal,IA,Statewide,2005,commercial,,plastic,,,0.162
Disposal,IA,Statewide,2005,commercial,,metal,,,0.049
Disposal,IA,Statewide,2005,commercial,,glass,,,0.01
Disposal,IA,Statewide,2005,commercial,,organic,,,0.123
Disposal,IA,Statewide,2005,commercial,,organic,food,,0.103
Disposal,IA,Statewide,2005,commercial,,construction and demolition,,,0.056
Disposal,IA,Statewide,2005,commercial,,other materials,,,0.259
Disposal,IA,Statewide,2017,all,,paper,,,0.255
Disposal,IA,Statewide,2017,all,,paper,compostable_paper,,0.076
Disposal,IA,Statewide,2017,all,,plastic,,,0.183
Disposal,IA,Statewide,2017,all,,metal,,,0.039
Disposal,IA,Statewide,2017,all,,glass,,,0.021
Disposal,IA,Statewide,2017,all,,organic,,,0.316
Disposal,IA,Statewide,2017,all,,organic,food,,0.2
Disposal,IA,Statewide,2017,all,,construction and demolition,,,0.054
Disposal,IA,Statewide,2017,all,,other materials,,,0.132
Disposal,IA,Statewide,2017,residential,,paper,,,0.228
Disposal,IA,Statewide,2017,residential,,paper,compostable_paper,,0.068
Disposal,IA,Statewide,2017,residential,,plastic,,,0.166
Disposal,IA,Statewide,2017,residential,,metal,,,0.039
Disposal,IA,Statewide,2017,residential,,glass,,,0.021
Disposal,IA,Statewide,2017,residential,,organic,,,0.335
Disposal,IA,Statewide,2017,residential,,organic,food,,0.179
Disposal,IA,Statewide,2017,residential,,construction and demolition,,,0.04
Disposal,IA,Statewide,2017,residential,,other materials,,,0.171
Disposal,IA,Statewide,2017,commercial,,paper,,,0.279
Disposal,IA,Statewide,2017,commercial,,paper,compostable_paper,,0.084
Disposal,IA,Statewide,2017,commercial,,plastic,,,0.198
Disposal,IA,Statewide,2017,commercial,,metal,,,0.038
Disposal,IA,Statewide,2017,commercial,,glass,,,0.018
Disposal,IA,Statewide,2017,commercial,,organic,,,0.299
Disposal,IA,Statewide,2017,commercial,,organic,food,,0.22
Disposal,IA,Statewide,2017,commercial,,construction and demolition,,,0.066
Disposal,IA,Statewide,2017,commercial,,other materials,,,0.102
Disposal,MO,Statewide,2017,all,,paper,,1003197.52,
Disposal,MO,Statewide,2017,all,,paper,compostable_paper,312534.61,
Disposal,MO,Statewide,2017,all,,plastic,,590343.16,
Disposal,MO,Statewide,2017,all,,metal,,169771.89,
Disposal,MO,Statewide,2017,all,,glass,,108036.66,
Disposal,MO,Statewide,2017,all,,organic,,1250138.45,
Disposal,MO,Statewide,2017,all,,organic,food,578767.8,
Disposal,MO,Statewide,2017,all,,construction and demolition,,0,
Disposal,MO,Statewide,2017,all,,other materials,,736964.33,
Disposal,MO,Statewide,2017,commercial,,paper,,481379.99,
Disposal,MO,Statewide,2017,commercial,,paper,compostable_paper,116195.17,
Disposal,MO,Statewide,2017,commercial,,plastic,,285508.13,
Disposal,MO,Statewide,2017,commercial,,metal,,64737.31,
Disposal,MO,Statewide,2017,commercial,,glass,,31538.69,
Disposal,MO,Statewide,2017,commercial,,organic,,562716.61,
Disposal,MO,Statewide,2017,commercial,,organic,food,255629.37,
Disposal,MO,Statewide,2017,commercial,,construction and demolition,,0,
Disposal,MO,Statewide,2017,commercial,,other materials,,234050.27,
Disposal,MO,Statewide,2017,residential,,paper,,521049.48,
Disposal,MO,Statewide,2017,residential,,paper,compostable_paper,195668.37,
Disposal,MO,Statewide,2017,residential,,plastic,,305594.42,
Disposal,MO,Statewide,2017,residential,,metal,,103330.49,
Disposal,MO,Statewide,2017,residential,,glass,,76948.24,
Disposal,MO,Statewide,2017,residential,,organic,,685938.55,
Disposal,MO,Statewide,2017,residential,,organic,food,323182.59,
Disposal,MO,Statewide,2017,residential,,construction and demolition,,0,
Disposal,MO,Statewide,2017,residential,,other materials,,505659.83,
Disposal,M2,Countywide,2010,all,,paper,,36597,
Disposal,M2,Countywide,2010,all,,paper,compostable_paper,12559,
Disposal,M2,Countywide,2010,all,,plastic,,29180,
Disposal,M2,Countywide,2010,all,,metal,,8315,
Disposal,M2,Countywide,2010,all,,glass,,4941,
Disposal,M2,Countywide,2010,all,,organic,,91692,
Disposal,M2,Countywide,2010,all,,organic,food,31055,
Disposal,M2,Countywide,2010,all,,construction and demolition,,15800,
Disposal,M2,Countywide,2010,all,,other materials,,34292,
Disposal,M2,Countywide,2010,residential,,paper,,12915,
Disposal,M2,Countywide,2010,residential,,paper,compostable_paper,4253,
Disposal,M2,Countywide,2010,residential,,plastic,,12976,
Disposal,M2,Countywide,2010,residential,,metal,,2720,
Disposal,M2,Countywide,2010,residential,,glass,,1584,
Disposal,M2,Countywide,2010,residential,,organic,,49394,
Disposal,M2,Countywide,2010,residential,,organic,food,13539,
Disposal,M2,Countywide,2010,residential,,construction and demolition,,4794,
Disposal,M2,Countywide,2010,residential,,other materials,,18580,
Disposal,M2,Countywide,2010,commercial,,paper,,23636,
Disposal,M2,Countywide,2010,commercial,,paper,compostable_paper,8287,
Disposal,M2,Countywide,2010,commercial,,plastic,,16140,
Disposal,M2,Countywide,2010,commercial,,metal,,5558,
Disposal,M2,Countywide,2010,commercial,,glass,,3350,
Disposal,M2,Countywide,2010,commercial,,organic,,42104,
Disposal,M2,Countywide,2010,commercial,,organic,food,17415,
Disposal,M2,Countywide,2010,commercial,,construction and demolition,,10907,
Disposal,M2,Countywide,2010,commercial,,other materials,,15533,
Disposal,M2,Countywide,2019,all,,paper,,50217,
Disposal,M2,Countywide,2019,all,,paper,compostable_paper,16370,
Disposal,M2,Countywide,2019,all,,plastic,,32829,
Disposal,M2,Countywide,2019,all,,metal,,11037,
Disposal,M2,Countywide,2019,all,,glass,,7781,
Disposal,M2,Countywide,2019,all,,organic,,48959,
Disposal,M2,Countywide,2019,all,,organic,food,37039,
Disposal,M2,Countywide,2019,all,,construction and demolition,,33973,
Disposal,M2,Countywide,2019,all,,other materials,,49420,
Disposal,M2,Countywide,2019,residential,,paper,,17096,
Disposal,M2,Countywide,2019,residential,,paper,compostable_paper,6179,
Disposal,M2,Countywide,2019,residential,,plastic,,11614,
Disposal,M2,Countywide,2019,residential,,metal,,5741,
Disposal,M2,Countywide,2019,residential,,glass,,3028,
Disposal,M2,Countywide,2019,residential,,organic,,24445,
Disposal,M2,Countywide,2019,residential,,organic,food,15226,
Disposal,M2,Countywide,2019,residential,,construction and demolition,,6993,
Disposal,M2,Countywide,2019,residential,,other materials,,23153,
Disposal,M2,Countywide,2019,commercial,,paper,,33122,
Disposal,M2,Countywide,2019,commercial,,paper,compostable_paper,10191,
Disposal,M2,Countywide,2019,commercial,,plastic,,21215,
Disposal,M2,Countywide,2019,commercial,,metal,,5295,
Disposal,M2,Countywide,2019,commercial,,glass,,4753,
Disposal,M2,Countywide,2019,commercial,,organic,,24514,
Disposal,M2,Countywide,2019,commercial,,organic,food,21813,
Disposal,M2,Countywide,2019,commercial,,construction and demolition,,26980,
Disposal,M2,Countywide,2019,commercial,,other materials,,26267,
Disposal,M1,Countywide,2016,commercial,,paper,,27723,
Disposal,M1,Countywide,2016,commercial,,paper,compostable_paper,9879,
Disposal,M1,Countywide,2016,commercial,,plastic,,17858,
Disposal,M1,Countywide,2016,commercial,,metal,,5695,
Disposal,M1,Countywide,2016,commercial,,glass,,3142,
Disposal,M1,Countywide,2016,commercial,,organic,,32325,
Disposal,M1,Countywide,2016,commercial,,organic,food,29935,
Disposal,M1,Countywide,2016,commercial,,construction and demolition,,14420,
Disposal,M1,Countywide,2016,commercial,,other materials,,20873,
Disposal,M1,Countywide,2014,residential,,paper,,22728,
Disposal,M1,Countywide,2014,residential,,paper,compostable_paper,7169,
Disposal,M1,Countywide,2014,residential,,plastic,,12945,
Disposal,M1,Countywide,2014,residential,,metal,,3522,
Disposal,M1,Countywide,2014,residential,,glass,,2598,
Disposal,M1,Countywide,2014,residential,,organic,,60416,
Disposal,M1,Countywide,2014,residential,,organic,food,33113,
Disposal,M1,Countywide,2014,residential,,construction and demolition,,5213,
Disposal,M1,Countywide,2014,residential,,other materials,,4816,
